Product,Baseline,Attack,Increase_pp,Chi2,p,V,n
BudgetBeats,0.0,54.2,54.2,121.3,3.2899163698907706e-28,0.636,300
ClearSound,0.0,71.7,71.7,177.35,1.8335696676014863e-40,0.769,300
